{"NBSO":[-69.05191897543004,48.45029175955449],"AEC":[-89.45741544756946,33.51722988964319],"YAD":[-77.99985528130559,37.67704296937992],"AZPS":[-108.32019183145007,36.31992570382236],"AECI":[-95.55001557651246,39.01542660235536],"BPAT":[-116.64116807180383,45],"CISO":[-123.5,36],"CHPD":[-118.96434791238559,49.45072087210483],"DOPD":[-114.7597856180477,49.61699550958537],"DUK":[-79.84432696326445,35.246461097317685],"EPE":[-104.13893990225952,30.379144083717318],"EEI":[-85.36094538650644,38.65217854268744],"FPL":[-79.8,27.0],"GVL":[-80.25520804760905,30.210412192078078],"HST":[-78.99245095419467,24.71269350716513],"IPCO":[-109.7464559327325,42.8780318551426],"IID":[-116.30303971126742,31.737466833090714],"JEA":[-78.65296816181304,29.442164671345225],"LDWP":[-120.27482006862034,32.56663384802677],"LGEE":[-90.02360124884068,36.58170280719659],"NWMT":[-108.24237524733088,45.54748986023025],"NEVP":[-112.4290915967064,39.33551499233922],"ISNE":[-67.1,44.3],"NSB":[-76.954906855383,30.205164538888603],"NYIS":[-71.2,42.14],"OVEC":[-87.44944620585395,39.72911055274012],"PACW":[-126.27271214019048,40.4778674313942],"PACE":[-107.03908885050723,42.10204238839194],"GRMA":[-114.89933196948215,30.982024281850954],"FMPP":[-86.41882637495837,27.418603353839245],"GCPD":[-119.75144165532451,46.59211162317591],"PGE":[-126.23416300751062,42.53789358760074],"PSCO":[-101.91120240616948,35.990847120857175],"PNM":[-103.18358153538807,33.84682876311693],"PSEI":[-126.37492476726274,47.71655887509085],"BANC":[-124.53367048656219,39.14110661400125],"SRP":[-111.90985875671448,32.765365398395815],"SCL":[-122.06206807814837,44.70714416123942],"SCEG":[-78.40045651503709,31.733383178152362],"SC":[-78.05068161606359,33.395806493611],"SPA":[-92.78675126439418,34.75923247233408],"SOCO":[-88.4,31.92],"TPWR":[-127.02134188490723,44.53752683277184],"TAL":[-86.93818383261394,30.154889025958454],"TEC":[-83.93658762477814,24.59578231200087],"TIDC":[-124.97759542514535,36.93166989240333],"AVA":[-113.69017594855403,48.239814853131655],"SEC":[-77.29862341831156,27.44245551951621],"TEPC":[-106.17377183056558,35.66227074472291],"WALC":[-114.23102571508075,36.45399434307447],"WACM":[-101.95275731706138,41.360950795343214],"SEPA":[-82.93531916899761,34.136903107681235],"HGMA":[-107.85317160848079,30.458668769463763],"GRIF":[-109.95288119176571,37.19270954069123],"GWA":[-110.79151166886557,49.42618212705695],"DEAA":[-119.30745554890521,66.67689862775156],"WWA":[-107.14384224745345,49.22266842804744],"CPLE":[-73.73914129448384,34.81403469336784],"CPLW":[-82.21422226084222,37.44924919953489],"FPC":[-82.94862035271228,31.308893498289525],"WAUW":[-103.38420754317731,48.12763220680051]}
